"dataset","caseid","length","label","leverage1","leverage2"
"pca_Preprocessed_insert0.006_BPIC15_4_f2_clean.csv","4193601","-1.15732878318547","0","5.51268921681765e-05","3.97720185101355e-06"
"pca_Preprocessed_insert0.006_BPIC15_4_f2_clean.csv","4241127","-0.648663320389111","0","9.77915859070862e-06","6.39618481285311e-07"
"pca_Preprocessed_insert0.006_BPIC15_4_f2_clean.csv","4248179","-0.776730081705836","0","2.77398791007898e-05","1.86016930980864e-06"
"pca_Preprocessed_insert0.006_BPIC15_4_f2_clean.csv","4258780","-0.980996727433343","0","5.13468388935619e-05","3.5816864583676e-06"
"pca_Preprocessed_insert0.006_BPIC15_4_f2_clean.csv","4271177","-0.852059445784721","0","3.69797990926415e-05","2.51622196087396e-06"
"pca_Preprocessed_insert0.006_BPIC15_4_f2_clean.csv","4280743","-0.730492511303798","0","2.59421662511752e-05","1.72406144557957e-06"
"pca_Preprocessed_insert0.006_BPIC15_4_f2_clean.csv","4282897","-0.8281175647292","0","2.83307631232912e-05","1.9188074056544e-06"
"pca_Preprocessed_insert0.006_BPIC15_4_f2_clean.csv","4284682","-0.829821437931251","0","1.32192207309066e-05","8.95616706165775e-07"
"pca_Preprocessed_insert0.006_BPIC15_4_f2_clean.csv","4286993","-2.69445580315778","0","0.000388448751671122","3.71157959129611e-05"
"pca_Preprocessed_insert0.006_BPIC15_4_f2_clean.csv","4289494","-0.555623230855491","0","1.78967623013195e-05","1.14943155723309e-06"
"pca_Preprocessed_insert0.006_BPIC15_4_f2_clean.csv","4291537","-0.753157321443988","0","2.04332531442101e-05","1.36394720696179e-06"
"pca_Preprocessed_insert0.006_BPIC15_4_f2_clean.csv","4304513","-0.974265623006785","0","3.20192073483177e-05","2.23060633980925e-06"
"pca_Preprocessed_insert0.006_BPIC15_4_f2_clean.csv","4312455","-0.74537818960402","0","1.5647956256792e-05","1.04294436172419e-06"
"pca_Preprocessed_insert0.006_BPIC15_4_f2_clean.csv","4312831","-1.2296455719725","0","5.72825620308833e-05","4.18988723725431e-06"
"pca_Preprocessed_insert0.006_BPIC15_4_f2_clean.csv","4314437","-0.765976116063925","0","3.376474287429e-05","2.25946065202395e-06"
"pca_Preprocessed_insert0.006_BPIC15_4_f2_clean.csv","4317117","-0.666020443427933","0","2.4918647136887e-05","1.63536870873703e-06"
"pca_Preprocessed_insert0.006_BPIC15_4_f2_clean.csv","4320251","-15.6694856007392","0","0.0292554360822998","0.0130876163018092"
"pca_Preprocessed_insert0.006_BPIC15_4_f2_clean.csv","4329791","-0.603307169518635","0","2.4410145437698e-05","1.58247932102616e-06"
"pca_Preprocessed_insert0.006_BPIC15_4_f2_clean.csv","4335599","-0.739059817068933","0","1.14544199165245e-05","7.6250585149689e-07"
"pca_Preprocessed_insert0.006_BPIC15_4_f2_clean.csv","4343026","-0.730279209986759","0","2.28673299251586e-05","1.51965128101726e-06"
"pca_Preprocessed_insert0.006_BPIC15_4_f2_clean.csv","4351487","-0.715543995053942","0","2.05757029634639e-05","1.36344588829596e-06"
"pca_Preprocessed_insert0.006_BPIC15_4_f2_clean.csv","4397805","-1.07287807961585","0","5.10385936374101e-05","3.62341229827808e-06"
"pca_Preprocessed_insert0.006_BPIC15_4_f2_clean.csv","4406717","-0.890596770119391","0","2.15073075568255e-05","1.4743571518758e-06"
"pca_Preprocessed_insert0.006_BPIC15_4_f2_clean.csv","4415778","-0.540751909020992","0","1.17414257960867e-05","7.51902605192005e-07"
"pca_Preprocessed_insert0.006_BPIC15_4_f2_clean.csv","4422507","-0.695893604864418","0","2.43515143523012e-05","1.60748569614759e-06"
"pca_Preprocessed_insert0.006_BPIC15_4_f2_clean.csv","4425791","-1.35828897115674","0","6.28946285430482e-05","4.71357763085069e-06"
"pca_Preprocessed_insert0.006_BPIC15_4_f2_clean.csv","4429517","-1.0635825992775","0","4.93858445808743e-05","3.49985241064907e-06"
"pca_Preprocessed_insert0.006_BPIC15_4_f2_clean.csv","4429951","1.30186672382643","0","2.93320090790505e-05","1.28631744599592e-06"
"pca_Preprocessed_insert0.006_BPIC15_4_f2_clean.csv","4447924","-0.659159019590341","0","1.36663317311303e-05","8.95697901340792e-07"
"pca_Preprocessed_insert0.006_BPIC15_4_f2_clean.csv","4454861","-0.7009613614001","0","2.43676696433527e-05","1.61014112995847e-06"
"pca_Preprocessed_insert0.006_BPIC15_4_f2_clean.csv","4457332","-0.789921775724838","0","2.24334643915658e-05","1.50818862285171e-06"
"pca_Preprocessed_insert0.006_BPIC15_4_f2_clean.csv","4463384","-0.477825461156017","0","1.30188396499346e-05","8.23450644194683e-07"
"pca_Preprocessed_insert0.006_BPIC15_4_f2_clean.csv","4464597","-0.844705420972948","0","2.86198388361033e-05","1.94461690018326e-06"
"pca_Preprocessed_insert0.006_BPIC15_4_f2_clean.csv","4465383","4.36380241943703","0","0.000396789049065315","8.6181412999331e-06"
"pca_Preprocessed_insert0.006_BPIC15_4_f2_clean.csv","4467835","-0.647395942612297","0","1.31740027863848e-05","8.61449362966438e-07"
"pca_Preprocessed_insert0.006_BPIC15_4_f2_clean.csv","4470728","-1.04260045155029","0","2.20464063895371e-05","1.55611444146429e-06"
"pca_Preprocessed_insert0.006_BPIC15_4_f2_clean.csv","4471082","-0.612735497880035","0","2.40914500349661e-05","1.56470343786963e-06"
"pca_Preprocessed_insert0.006_BPIC15_4_f2_clean.csv","4474499","2.74151323721265","0","0.000242631329703032","7.73373950714933e-06"
"pca_Preprocessed_insert0.006_BPIC15_4_f2_clean.csv","4477194","-0.723353393540455","0","1.09989005075039e-05","7.29949101903962e-07"
"pca_Preprocessed_insert0.006_BPIC15_4_f2_clean.csv","4480263","-0.399075802194958","0","6.14269669812482e-06","3.82536876916111e-07"
"pca_Preprocessed_insert0.006_BPIC15_4_f2_clean.csv","4480589","-0.769247452636464","0","3.07103059363463e-05","2.05637023765906e-06"
"pca_Preprocessed_insert0.006_BPIC15_4_f2_clean.csv","4481966","-0.773817271296852","0","2.59289765263366e-05","1.73775193254915e-06"
"pca_Preprocessed_insert0.006_BPIC15_4_f2_clean.csv","4482491","-0.773817271296852","0","2.59289765263366e-05","1.73775193254915e-06"
"pca_Preprocessed_insert0.006_BPIC15_4_f2_clean.csv","4518020","-0.667417764002042","0","1.22525233940832e-05","8.04331701963177e-07"
"pca_Preprocessed_insert0.006_BPIC15_4_f2_clean.csv","4519177","0.0180873988900837","0","3.6909184211705e-07","2.11466942536564e-08"
"pca_Preprocessed_insert0.006_BPIC15_4_f2_clean.csv","4519571","0.32271189651599","0","0.000157294682794355","8.47055275791418e-06"
"pca_Preprocessed_insert0.006_BPIC15_4_f2_clean.csv","4522951","-0.975442914703121","0","4.23148982555616e-05","2.94851864449501e-06"
"pca_Preprocessed_insert0.006_BPIC15_4_f2_clean.csv","4523877","-1.55993292605537","0","6.17473847958802e-05","4.80575405598081e-06"
"pca_Preprocessed_insert0.006_BPIC15_4_f2_clean.csv","4532472","-1.0355806909785","0","5.61494844456631e-05","3.95790865661985e-06"
"pca_Preprocessed_insert0.006_BPIC15_4_f2_clean.csv","4538743","-0.79940599535346","0","2.87094314459056e-05","1.93367059178572e-06"
"pca_Preprocessed_insert0.006_BPIC15_4_f2_clean.csv","4544774","-1.53627246295192","0","5.35194153624293e-05","4.14704061417636e-06"
"pca_Preprocessed_insert0.006_BPIC15_4_f2_clean.csv","4560274","-0.715657167871842","0","3.69297813658914e-05","2.44720036676014e-06"
"pca_Preprocessed_insert0.006_BPIC15_4_f2_clean.csv","4561511","-0.748428209068417","0","2.29626003304922e-05","1.53137666352065e-06"
"pca_Preprocessed_insert0.006_BPIC15_4_f2_clean.csv","4569922","-0.758165899971234","0","1.36423161492381e-05","9.11529487193956e-07"
"pca_Preprocessed_insert0.006_BPIC15_4_f2_clean.csv","4574223","-0.776607674215714","0","2.20472008050626e-05","1.47839693060047e-06"
"pca_Preprocessed_insert0.006_BPIC15_4_f2_clean.csv","4581569","-0.836287518561657","0","3.47971568852765e-05","2.36049717096919e-06"
"pca_Preprocessed_insert0.006_BPIC15_4_f2_clean.csv","4633971","-0.197948690046171","0","4.6060617385074e-06","2.75601169152517e-07"
"pca_Preprocessed_insert0.006_BPIC15_4_f2_clean.csv","4646380","-0.322582614446107","0","1.8961973190895e-06","1.16309366168784e-07"
"pca_Preprocessed_insert0.006_BPIC15_4_f2_clean.csv","4653307","-0.663344688796353","0","2.47404559999763e-05","1.62282664828027e-06"
"pca_Preprocessed_insert0.006_BPIC15_4_f2_clean.csv","4669973","-0.779704405980099","0","4.27476487311466e-05","2.86820900768732e-06"
"pca_Preprocessed_insert0.006_BPIC15_4_f2_clean.csv","4685397","-0.494977537045151","0","1.05616571724968e-05","6.70292332017477e-07"
"pca_Preprocessed_insert0.006_BPIC15_4_f2_clean.csv","4687153","-0.972629024375648","0","3.49518432803377e-05","2.43414187949694e-06"
"pca_Preprocessed_insert0.006_BPIC15_4_f2_clean.csv","4703337","-0.794418398786544","0","3.00292092223014e-05","2.02060712687943e-06"
"pca_Preprocessed_insert0.006_BPIC15_4_f2_clean.csv","4719878","-0.736561084572614","0","1.43558124383481e-05","9.55183584784468e-07"
"pca_Preprocessed_insert0.006_BPIC15_4_f2_clean.csv","4741289","-0.859197053323851","0","3.30866902411464e-05","2.25443055243728e-06"
"pca_Preprocessed_insert0.006_BPIC15_4_f2_clean.csv","4777305","-0.726362312721693","0","2.68868105131072e-05","1.78540541262437e-06"
"pca_Preprocessed_insert0.006_BPIC15_4_f2_clean.csv","4800472","-0.684855414497175","0","2.4826150473975e-05","1.63529519908979e-06"
"pca_Preprocessed_insert0.006_BPIC15_4_f2_clean.csv","4805262","-0.787206272161468","0","3.76658105463586e-05","2.53091704397121e-06"
"pca_Preprocessed_insert0.006_BPIC15_4_f2_clean.csv","4826410","-1.29212222501007","0","4.5638681807646e-05","3.37791729162272e-06"
"pca_Preprocessed_insert0.006_BPIC15_4_f2_clean.csv","4845163","-0.735983723320627","0","1.44838642602398e-05","9.63595496639405e-07"
"pca_Preprocessed_insert0.006_BPIC15_4_f2_clean.csv","4846015","-0.943054271799424","0","3.25280133882426e-05","2.25249462637008e-06"
"pca_Preprocessed_insert0.006_BPIC15_4_f2_clean.csv","4851383","-0.871890798611262","0","3.21337537418434e-05","2.19487594167524e-06"
"pca_Preprocessed_insert0.006_BPIC15_4_f2_clean.csv","4874050","1.88045819206553","0","6.61971172520058e-05","2.55985429220521e-06"
"pca_Preprocessed_insert0.006_BPIC15_4_f2_clean.csv","4879611","-0.5804969685375","0","1.58582172377746e-05","1.02348520257231e-06"
"pca_Preprocessed_insert0.006_BPIC15_4_f2_clean.csv","4880211","-0.66572362053862","0","2.3803792740542e-05","1.56211220958899e-06"
"pca_Preprocessed_insert0.006_BPIC15_4_f2_clean.csv","4885193","-0.509671813070803","0","1.11665936065446e-05","7.10736443122823e-07"
"pca_Preprocessed_insert0.006_BPIC15_4_f2_clean.csv","4885468","-0.928844062024738","0","2.31863986372373e-05","1.60122217220108e-06"
"pca_Preprocessed_insert0.006_BPIC15_4_f2_clean.csv","4895319","-0.624486286831588","0","8.56179056077862e-06","5.57355119617383e-07"
"pca_Preprocessed_insert0.006_BPIC15_4_f2_clean.csv","4912431","-0.814900992745728","0","3.23198772198341e-05","2.18339080933803e-06"
"pca_Preprocessed_insert0.006_BPIC15_4_f2_clean.csv","4921759","-0.69232556206119","0","1.25467500970676e-05","8.27657050890689e-07"
"pca_Preprocessed_insert0.006_BPIC15_4_f2_clean.csv","4923446","-0.792508145684918","0","1.34664243592448e-05","9.0579396835479e-07"
"pca_Preprocessed_insert0.006_BPIC15_4_f2_clean.csv","4928889","-0.540363486066162","0","1.56021752810628e-05","9.99062770815808e-07"
"pca_Preprocessed_insert0.006_BPIC15_4_f2_clean.csv","4932400","1.17580742586308","0","0.000164113720631147","7.39373927986378e-06"
"pca_Preprocessed_insert0.006_BPIC15_4_f2_clean.csv","4948138","-0.770171290265843","0","2.83558483526137e-05","1.89905568334735e-06"
"pca_Preprocessed_insert0.006_BPIC15_4_f2_clean.csv","4949352","-0.663729769671162","0","2.43183302872673e-05","1.59525760621517e-06"
"pca_Preprocessed_insert0.006_BPIC15_4_f2_clean.csv","4950187","-0.732369687518395","0","2.82017539956561e-05","1.87491330711721e-06"
"pca_Preprocessed_insert0.006_BPIC15_4_f2_clean.csv","4987083","-0.616826703063997","0","1.03140682093138e-05","6.70419649327841e-07"
"pca_Preprocessed_insert0.006_BPIC15_4_f2_clean.csv","4988106","-0.57959562803111","0","1.86267466707221e-05","1.2019530121337e-06"
"pca_Preprocessed_insert0.006_BPIC15_4_f2_clean.csv","4988561","-0.342141265054925","0","4.49802238274821e-06","2.76973612981561e-07"
"pca_Preprocessed_insert0.006_BPIC15_4_f2_clean.csv","4988864","-0.711082366481461","0","2.75833225795212e-05","1.82621780284169e-06"
"pca_Preprocessed_insert0.006_BPIC15_4_f2_clean.csv","5006883","-1.01903249948698","0","2.72952537624513e-05","1.91791884176565e-06"
"pca_Preprocessed_insert0.006_BPIC15_4_f2_clean.csv","5013889","-0.976877104230616","0","2.80284949692171e-05","1.95357461045595e-06"
"pca_Preprocessed_insert0.006_BPIC15_4_f2_clean.csv","5040783","-0.730703561705238","0","1.00885156880434e-05","6.70488918137914e-07"
"pca_Preprocessed_insert0.006_BPIC15_4_f2_clean.csv","5041524","-0.691872679071529","0","2.54736803028881e-05","1.68024469504719e-06"
"pca_Preprocessed_insert0.006_BPIC15_4_f2_clean.csv","5042728","-0.564988859958002","0","1.69164866292944e-05","1.0884708971877e-06"
"pca_Preprocessed_insert0.006_BPIC15_4_f2_clean.csv","5043444","-0.780429082700494","0","2.86772348974025e-05","1.92440688186555e-06"
"pca_Preprocessed_insert0.006_BPIC15_4_f2_clean.csv","5045082","-1.63345813151122","0","5.0334417223089e-05","3.97143004958073e-06"
"pca_Preprocessed_insert0.006_BPIC15_4_f2_clean.csv","5046047","-0.635306540408462","0","2.60540295836554e-05","1.69965594455684e-06"
"pca_Preprocessed_insert0.006_BPIC15_4_f2_clean.csv","5050244","-1.16993070148959","0","4.18356046862015e-05","3.02552940705788e-06"
"pca_Preprocessed_insert0.006_BPIC15_4_f2_clean.csv","5052932","-0.697366768552743","0","1.42598430953639e-05","9.41587211840305e-07"
"pca_Preprocessed_insert0.006_BPIC15_4_f2_clean.csv","5053977","-1.44050642280898","0","3.5598441718321e-05","2.70943230808433e-06"
"pca_Preprocessed_insert0.006_BPIC15_4_f2_clean.csv","5054894","-0.696205967565563","0","1.79778415835742e-05","1.18682073640467e-06"
"pca_Preprocessed_insert0.006_BPIC15_4_f2_clean.csv","5055298","-0.807693083024589","0","3.46785487830783e-05","2.33946356736881e-06"
"pca_Preprocessed_insert0.006_BPIC15_4_f2_clean.csv","5055827","-0.739479761399467","0","2.87466895509617e-05","1.91378602580471e-06"
"pca_Preprocessed_insert0.006_BPIC15_4_f2_clean.csv","5063340","-0.884922753415716","0","2.50939338361747e-05","1.71834318266535e-06"
"pca_Preprocessed_insert0.006_BPIC15_4_f2_clean.csv","5064471","-1.52862530312689","0","5.17826896978268e-05","4.00674541614622e-06"
"pca_Preprocessed_insert0.006_BPIC15_4_f2_clean.csv","5064805","-0.739948564633621","0","3.95109140022695e-05","2.63064473325579e-06"
"pca_Preprocessed_insert0.006_BPIC15_4_f2_clean.csv","5068764","-0.858834397646957","0","3.46899001073686e-05","2.36350295082398e-06"
"pca_Preprocessed_insert0.006_BPIC15_4_f2_clean.csv","5078863","-0.901229020782057","0","3.6411439237622e-05","2.50118113368065e-06"
"pca_Preprocessed_insert0.006_BPIC15_4_f2_clean.csv","5081623","-0.933730285414551","0","3.47269401317927e-05","2.40045398284382e-06"
"pca_Preprocessed_insert0.006_BPIC15_4_f2_clean.csv","5087929","-0.634221826728216","0","8.56585520395931e-06","5.58682112669913e-07"
"pca_Preprocessed_insert0.006_BPIC15_4_f2_clean.csv","5092833","-0.773681105084618","0","1.3402278935957e-05","8.98192822918465e-07"
"pca_Preprocessed_insert0.006_BPIC15_4_f2_clean.csv","5104672","-0.635363935373198","0","2.4213421893212e-05","1.5796001152648e-06"
"pca_Preprocessed_insert0.006_BPIC15_4_f2_clean.csv","5109455","-0.82608871295872","0","1.57049291225586e-05","1.06325771588822e-06"
"pca_Preprocessed_insert0.006_BPIC15_4_f2_clean.csv","5111163","0.172508461036499","0","9.75892339772503e-07","5.41898854831954e-08"
"pca_Preprocessed_insert0.006_BPIC15_4_f2_clean.csv","5117090","-0.733251446979437","0","2.31589746082586e-05","1.53992254524945e-06"
"pca_Preprocessed_insert0.006_BPIC15_4_f2_clean.csv","5120602","-0.555848084152239","0","1.39843091305701e-05","8.98191261057812e-07"
"pca_Preprocessed_insert0.006_BPIC15_4_f2_clean.csv","5121393","-0.353549611844433","0","1.25664487180401e-05","7.75553559368626e-07"
"pca_Preprocessed_insert0.006_BPIC15_4_f2_clean.csv","5124583","-0.787266655433429","0","2.31411454983745e-05","1.55496469193284e-06"
"pca_Preprocessed_insert0.006_BPIC15_4_f2_clean.csv","5124978","-0.602065782672738","0","1.55337425214003e-05","1.00678846490447e-06"
"pca_Preprocessed_insert0.006_BPIC15_4_f2_clean.csv","5127157","-0.693214631290363","0","2.10458687978411e-05","1.38854922073924e-06"
"pca_Preprocessed_insert0.006_BPIC15_4_f2_clean.csv","5131309","-0.62877701498821","0","1.92264195283e-05","1.25265127408929e-06"
"pca_Preprocessed_insert0.006_BPIC15_4_f2_clean.csv","5151769","-1.3391975598847","0","7.56153157277417e-05","5.64656842418706e-06"
"pca_Preprocessed_insert0.006_BPIC15_4_f2_clean.csv","5154264","-0.779062288491046","0","4.13701614130081e-05","2.77543888974579e-06"
"pca_Preprocessed_insert0.006_BPIC15_4_f2_clean.csv","5156963","-0.780414775997639","0","1.21330823690987e-05","8.14197131645757e-07"
"pca_Preprocessed_insert0.006_BPIC15_4_f2_clean.csv","5183641","-0.713955548111825","0","2.21520735705762e-05","1.46745001296768e-06"
"pca_Preprocessed_insert0.006_BPIC15_4_f2_clean.csv","5185803","-1.36083661442119","0","3.71521770208007e-05","2.78567043673175e-06"
"pca_Preprocessed_insert0.006_BPIC15_4_f2_clean.csv","5187024","3.22808268601295","0","0.000525750012028165","1.49764598170772e-05"
"pca_Preprocessed_insert0.006_BPIC15_4_f2_clean.csv","5192098","-0.759235662546792","0","1.08956597456456e-05","7.2815927462276e-07"
"pca_Preprocessed_insert0.006_BPIC15_4_f2_clean.csv","5193001","-0.7398602921104","0","0.000212639203155414","1.41573186543815e-05"
"pca_Preprocessed_insert0.006_BPIC15_4_f2_clean.csv","5195049","-0.854769049239088","0","4.49395912045717e-05","3.05943330365601e-06"
"pca_Preprocessed_insert0.006_BPIC15_4_f2_clean.csv","5213106","-0.596987484636108","0","1.63969418987586e-05","1.06167878711307e-06"
"pca_Preprocessed_insert0.006_BPIC15_4_f2_clean.csv","5226176","-0.491161856295268","0","1.04445038607057e-05","6.62359518819065e-07"
"pca_Preprocessed_insert0.006_BPIC15_4_f2_clean.csv","5226705","-0.692542846035644","0","2.25972815302048e-05","1.4907120376283e-06"
"pca_Preprocessed_insert0.006_BPIC15_4_f2_clean.csv","5231352","-1.21145699919533","0","2.67864307738931e-05","1.95252402562911e-06"
"pca_Preprocessed_insert0.006_BPIC15_4_f2_clean.csv","5232749","-0.71585928510133","0","2.52473268961047e-05","1.67311303469604e-06"
"pca_Preprocessed_insert0.006_BPIC15_4_f2_clean.csv","5234097","-1.08399083715831","0","5.62875576013133e-05","4.00454957224127e-06"
"pca_Preprocessed_insert0.006_BPIC15_4_f2_clean.csv","5242064","-0.804915710156943","0","3.14935123835388e-05","2.12345347221606e-06"
"pca_Preprocessed_insert0.006_BPIC15_4_f2_clean.csv","5247271","-0.891145634132521","0","4.32240447185089e-05","2.9633847949029e-06"
"pca_Preprocessed_insert0.006_BPIC15_4_f2_clean.csv","5247805","-0.608440365368111","0","1.9028446910272e-05","1.23483063340977e-06"
"pca_Preprocessed_insert0.006_BPIC15_4_f2_clean.csv","5252177","-0.934816760260332","0","4.27111915691994e-05","2.95297239910139e-06"
"pca_Preprocessed_insert0.006_BPIC15_4_f2_clean.csv","5253529","-1.49661788653135","0","5.21581932986164e-05","4.0117406715593e-06"
"pca_Preprocessed_insert0.006_BPIC15_4_f2_clean.csv","5254661","-0.678566051395465","0","2.44956252234348e-05","1.61154593641101e-06"
"pca_Preprocessed_insert0.006_BPIC15_4_f2_clean.csv","5265482","-0.547805373428854","0","5.47984712346607e-06","3.51407215587659e-07"
"pca_Preprocessed_insert0.006_BPIC15_4_f2_clean.csv","5266526","-0.73391149858471","0","2.55258204417774e-05","1.69752043384541e-06"
"pca_Preprocessed_insert0.006_BPIC15_4_f2_clean.csv","5268639","-0.700728701745029","0","2.27731605212437e-05","1.50471264014814e-06"
"pca_Preprocessed_insert0.006_BPIC15_4_f2_clean.csv","5269966","-1.09254766258711","0","6.25612096916766e-05","4.45816515363134e-06"
"pca_Preprocessed_insert0.006_BPIC15_4_f2_clean.csv","5276403","-0.598540916525864","0","1.41350802002324e-05","9.15504895857584e-07"
"pca_Preprocessed_insert0.006_BPIC15_4_f2_clean.csv","5283147","-0.877334796272597","0","3.9936466901553e-05","2.73070438562996e-06"
"pca_Preprocessed_insert0.006_BPIC15_4_f2_clean.csv","5285713","-0.13178525218235","0","9.21702136105311e-06","5.44242188114294e-07"
"pca_Preprocessed_insert0.006_BPIC15_4_f2_clean.csv","5288776","11.2082269016436","0","0.00214357206196604","7.11214542120941e-06"
"pca_Preprocessed_insert0.006_BPIC15_4_f2_clean.csv","5297533","0.61436307708563","0","0.000145955204958135","7.40082540696797e-06"
"pca_Preprocessed_insert0.006_BPIC15_4_f2_clean.csv","5298547","2.99155575570424","0","0.000626784512883881","1.88625647150567e-05"
"pca_Preprocessed_insert0.006_BPIC15_4_f2_clean.csv","5298898","-0.799675934837127","0","3.0911561122246e-05","2.08209989771836e-06"
"pca_Preprocessed_insert0.006_BPIC15_4_f2_clean.csv","5307440","-0.829186264458441","0","1.3011199972845e-05","8.81414712531289e-07"
"pca_Preprocessed_insert0.006_BPIC15_4_f2_clean.csv","5312779","-1.07785611351554","0","5.32676755975804e-05","3.78526229551169e-06"
"pca_Preprocessed_insert0.006_BPIC15_4_f2_clean.csv","5330726","-0.710251436856903","0","3.82536851100082e-05","2.5322641567787e-06"
"pca_Preprocessed_insert0.006_BPIC15_4_f2_clean.csv","5331086","-0.723318449056619","0","1.80834126134684e-05","1.20010914112914e-06"
"pca_Preprocessed_insert0.006_BPIC15_4_f2_clean.csv","5333280","-0.799185907726369","0","4.14066657768751e-05","2.78875032480358e-06"
"pca_Preprocessed_insert0.006_BPIC15_4_f2_clean.csv","5342481","-1.18687582745895","0","2.41812106140152e-05","1.75441507019914e-06"
"pca_Preprocessed_insert0.006_BPIC15_4_f2_clean.csv","5354155","-1.19403775177621","0","4.58968075286541e-05","3.33447682759581e-06"
"pca_Preprocessed_insert0.006_BPIC15_4_f2_clean.csv","5357663","-0.747274189136443","0","1.66022920739515e-05","1.10695917913326e-06"
"pca_Preprocessed_insert0.006_BPIC15_4_f2_clean.csv","5360800","-1.1550663837165","0","5.98523873088318e-05","4.31626999944897e-06"
"pca_Preprocessed_insert0.006_BPIC15_4_f2_clean.csv","5365559","-0.815115949112779","0","4.17290930768627e-05","2.81915401407214e-06"
"pca_Preprocessed_insert0.006_BPIC15_4_f2_clean.csv","5366222","-0.666158848355686","0","1.78514991793031e-05","1.17159537300452e-06"
"pca_Preprocessed_insert0.006_BPIC15_4_f2_clean.csv","5369495","-1.00603825492666","0","5.26674115492121e-05","3.69150148079766e-06"
"pca_Preprocessed_insert0.006_BPIC15_4_f2_clean.csv","5382397","-0.706262914796542","0","9.7087293132416e-06","6.42185958848316e-07"
"pca_Preprocessed_insert0.006_BPIC15_4_f2_clean.csv","5385888","-0.552192367968628","0","1.29957788297904e-05","8.34100794148281e-07"
"pca_Preprocessed_insert0.006_BPIC15_4_f2_clean.csv","5394975","-0.778022781532966","0","3.84962341762193e-05","2.58211215194049e-06"
"pca_Preprocessed_insert0.006_BPIC15_4_f2_clean.csv","5405431","-0.525720179791548","0","3.01001017699798e-05","1.92187962184857e-06"
"pca_Preprocessed_insert0.006_BPIC15_4_f2_clean.csv","5410273","-0.510188565150333","0","1.20543522481526e-05","7.67318896640719e-07"
"pca_Preprocessed_insert0.006_BPIC15_4_f2_clean.csv","5411996","4.25087895830199","0","0.000437303983787494","9.76306884168043e-06"
"pca_Preprocessed_insert0.006_BPIC15_4_f2_clean.csv","5419474","-1.07441470922147","0","5.67303539182691e-05","4.02867375987658e-06"
"pca_Preprocessed_insert0.006_BPIC15_4_f2_clean.csv","5421204","5.70288787613094","0","0.002034596123655","3.16000263293166e-05"
"pca_Preprocessed_insert0.006_BPIC15_4_f2_clean.csv","5426048","-0.260714163170978","0","6.82117798552755e-06","4.13283181433487e-07"
"pca_Preprocessed_insert0.006_BPIC15_4_f2_clean.csv","5428327","-0.876048667356404","0","2.43305468489942e-05","1.66321760960277e-06"
"pca_Preprocessed_insert0.006_BPIC15_4_f2_clean.csv","5431467","-1.33966654360606","0","6.77320125563337e-05","5.05833050199891e-06"
"pca_Preprocessed_insert0.006_BPIC15_4_f2_clean.csv","5433781","-0.562959437957101","0","1.3741332985118e-05","8.83817566142403e-07"
"pca_Preprocessed_insert0.006_BPIC15_4_f2_clean.csv","5435933","-0.484916897865318","0","1.05203537952545e-05","6.66349799753031e-07"
"pca_Preprocessed_insert0.006_BPIC15_4_f2_clean.csv","5442893","-0.881973666658074","0","4.40043668083997e-05","3.01154762196699e-06"
"pca_Preprocessed_insert0.006_BPIC15_4_f2_clean.csv","5454228","-0.819680287088558","0","3.96710363692533e-05","2.68248488193777e-06"
"pca_Preprocessed_insert0.006_BPIC15_4_f2_clean.csv","5455583","-0.951091304473533","0","5.06325737183597e-05","3.51162161847313e-06"
"pca_Preprocessed_insert0.006_BPIC15_4_f2_clean.csv","5456456","-0.867862005795412","0","3.00358741225876e-05","2.04998583068785e-06"
"pca_Preprocessed_insert0.006_BPIC15_4_f2_clean.csv","5461265","-0.698327863801942","0","3.8277877917669e-05","2.52798784800446e-06"
"pca_Preprocessed_insert0.006_BPIC15_4_f2_clean.csv","5462778","-0.698327863801942","0","3.8277877917669e-05","2.52798784800446e-06"
"pca_Preprocessed_insert0.006_BPIC15_4_f2_clean.csv","5465699","-0.602406193557091","0","1.16454421660997e-05","7.54826355392254e-07"
"pca_Preprocessed_insert0.006_BPIC15_4_f2_clean.csv","5469991","-0.550645640863418","0","1.67072656444647e-05","1.0719875758845e-06"
"pca_Preprocessed_insert0.006_BPIC15_4_f2_clean.csv","5482131","-0.962755732088072","0","4.5095885968314e-05","3.13464738590918e-06"
"pca_Preprocessed_insert0.006_BPIC15_4_f2_clean.csv","5486181","-0.676190582886198","0","2.26155441824576e-05","1.4871678600928e-06"
"pca_Preprocessed_insert0.006_BPIC15_4_f2_clean.csv","5490849","-1.18740005956311","0","7.10491264057859e-05","5.15532812871814e-06"
"pca_Preprocessed_insert0.006_BPIC15_4_f2_clean.csv","5496466","-0.624151207068804","0","1.55291225118742e-05","1.01084799085721e-06"
"pca_Preprocessed_insert0.006_BPIC15_4_f2_clean.csv","5508811","-0.785812034630953","0","3.98312358031056e-05","2.67569697787615e-06"
"pca_Preprocessed_insert0.006_BPIC15_4_f2_clean.csv","5524231","-0.791207065855932","0","3.00885787675186e-05","2.02334170870782e-06"
"pca_Preprocessed_insert0.006_BPIC15_4_f2_clean.csv","5527967","-1.34281693734269","0","4.07993272529709e-05","3.04876623969809e-06"
"pca_Preprocessed_insert0.006_BPIC15_4_f2_clean.csv","5542289","-1.0422086399023","0","5.41710506619008e-05","3.82330027260204e-06"
"pca_Preprocessed_insert0.006_BPIC15_4_f2_clean.csv","5565402","-0.605277152425885","0","1.45913057307826e-05","9.46301037877377e-07"
"pca_Preprocessed_insert0.006_BPIC15_4_f2_clean.csv","5566404","-0.905085795150757","0","3.02858089168306e-05","2.08194585851859e-06"
"pca_Preprocessed_insert0.006_BPIC15_4_f2_clean.csv","5567544","-0.818177629139107","0","1.81477410641023e-05","1.22676094333538e-06"
"pca_Preprocessed_insert0.006_BPIC15_4_f2_clean.csv","5573445","-1.53704584536015","0","6.37954497822562e-05","4.94400952381558e-06"
"pca_Preprocessed_insert0.006_BPIC15_4_f2_clean.csv","5585535","-0.60762486924053","0","1.44476257443952e-05","9.37413528394151e-07"
"pca_Preprocessed_insert0.006_BPIC15_4_f2_clean.csv","5586526","-0.49790243596255","0","1.42776615678194e-05","9.06649209389013e-07"
"pca_Preprocessed_insert0.006_BPIC15_4_f2_clean.csv","5593296","-0.661662546256906","0","1.76003874832061e-05","1.1541016668627e-06"
"pca_Preprocessed_insert0.006_BPIC15_4_f2_clean.csv","5594729","-1.39636316653171","0","4.72185721963957e-05","3.56419114232366e-06"
"pca_Preprocessed_insert0.006_BPIC15_4_f2_clean.csv","5597042","-0.61648026116653","0","1.51431517080012e-05","9.8424580726897e-07"
"pca_Preprocessed_insert0.006_BPIC15_4_f2_clean.csv","5604409","-1.2311244680103","0","6.39868663924314e-05","4.68158067080105e-06"
"pca_Preprocessed_insert0.006_BPIC15_4_f2_clean.csv","5612407","-0.984118763076544","0","3.6464851522114e-05","2.5451223905154e-06"
"pca_Preprocessed_insert0.006_BPIC15_4_f2_clean.csv","5641910","-1.24442957197369","0","6.40769333633812e-05","4.70000667308772e-06"
"pca_Preprocessed_insert0.006_BPIC15_4_f2_clean.csv","5644478","-0.54912064669612","0","1.19871548686221e-05","7.68901103051608e-07"
"pca_Preprocessed_insert0.006_BPIC15_4_f2_clean.csv","5645121","-0.798042013261428","0","4.22630687018727e-05","2.84579821331821e-06"
"pca_Preprocessed_insert0.006_BPIC15_4_f2_clean.csv","5655328","-0.606614708919139","0","2.59623138275616e-05","1.68419456013022e-06"
"pca_Preprocessed_insert0.006_BPIC15_4_f2_clean.csv","5656992","-0.57312717500108","0","1.40148611255209e-05","9.03209665517369e-07"
"pca_Preprocessed_insert0.006_BPIC15_4_f2_clean.csv","5663933","-0.267490168644336","0","4.13157343480781e-06","2.50662742274066e-07"
"pca_Preprocessed_insert0.006_BPIC15_4_f2_clean.csv","5667601","-0.745211722955413","0","2.82153280832345e-05","1.88050533470074e-06"
"pca_Preprocessed_insert0.006_BPIC15_4_f2_clean.csv","5668039","2.57123514635662","0","0.000829646386231422","2.74905084270179e-05"
"pca_Preprocessed_insert0.006_BPIC15_4_f2_clean.csv","5671991","-0.804055136438425","0","4.16059286902326e-05","2.8048164465864e-06"
"pca_Preprocessed_insert0.006_BPIC15_4_f2_clean.csv","5680565","-1.00058635823569","0","4.69292463814242e-05","3.28587065344983e-06"
"pca_Preprocessed_insert0.006_BPIC15_4_f2_clean.csv","5687311","-0.682672024865068","0","2.84499094961317e-05","1.87319411776395e-06"
"pca_Preprocessed_insert0.006_BPIC15_4_f2_clean.csv","5688789","-1.00964259669011","0","5.20935491524056e-05","3.65380378737209e-06"
"pca_Preprocessed_insert0.006_BPIC15_4_f2_clean.csv","5689195","-0.712660900700322","0","2.58659204765606e-05","1.71303961645328e-06"
"pca_Preprocessed_insert0.006_BPIC15_4_f2_clean.csv","5689849","-0.824538393599333","0","4.04196078346019e-05","2.73567386754638e-06"
"pca_Preprocessed_insert0.006_BPIC15_4_f2_clean.csv","5693971","-1.28272853014954","0","7.304462668963e-05","5.39675908361246e-06"
"pca_Preprocessed_insert0.006_BPIC15_4_f2_clean.csv","5698411","-0.759499681305576","0","1.68905153473178e-05","1.12885464501364e-06"
"pca_Preprocessed_insert0.006_BPIC15_4_f2_clean.csv","5708771","-1.17620496140124","0","6.09378992035652e-05","4.41225850635461e-06"
"pca_Preprocessed_insert0.006_BPIC15_4_f2_clean.csv","5721178","-1.16262893054712","0","5.92978060269081e-05","4.28243464397568e-06"
"pca_Preprocessed_insert0.006_BPIC15_4_f2_clean.csv","5724289","-0.718944840166696","0","2.78420497694467e-05","1.84617095807884e-06"
"pca_Preprocessed_insert0.006_BPIC15_4_f2_clean.csv","5728509","-1.51603314580897","0","6.14745501941736e-05","4.74549364041659e-06"
"pca_Preprocessed_insert0.006_BPIC15_4_f2_clean.csv","5730098","-1.15698686715998","0","2.8670662091759e-05","2.06834788332319e-06"
"pca_Preprocessed_insert0.006_BPIC15_4_f2_clean.csv","5738983","-1.03741260430721","0","3.66903084747156e-05","2.58716251885115e-06"
"pca_Preprocessed_insert0.006_BPIC15_4_f2_clean.csv","5756370","-0.849894235212758","0","1.96369479130201e-05","1.33560057428751e-06"
"pca_Preprocessed_insert0.006_BPIC15_4_f2_clean.csv","5758739","-1.06782735129402","0","5.33694147704629e-05","3.7852291515646e-06"
"pca_Preprocessed_insert0.006_BPIC15_4_f2_clean.csv","5806515","-0.730629509644183","0","2.99264674015108e-05","1.98890266433141e-06"
"pca_Preprocessed_insert0.006_BPIC15_4_f2_clean.csv","5813921","-0.314605118010596","0","4.72929209963621e-06","2.8962717207063e-07"
"pca_Preprocessed_insert0.006_BPIC15_4_f2_clean.csv","5820917","-0.368731535570031","0","8.95658174663509e-06","5.54431729293275e-07"
"pca_Preprocessed_insert0.006_BPIC15_4_f2_clean.csv","5835066","-0.91394955609725","0","2.66189917696071e-05","1.83300580134132e-06"
"pca_Preprocessed_insert0.006_BPIC15_4_f2_clean.csv","5835431","-0.286917427475238","0","2.69099076061392e-06","1.63894889431298e-07"
"pca_Preprocessed_insert0.006_BPIC15_4_f2_clean.csv","5837029","3.80132293360375","0","0.00555484784492039","0.000138205137748036"
"pca_Preprocessed_insert0.006_BPIC15_4_f2_clean.csv","5841156","-1.23219317741938","0","5.49635469055123e-05","4.02220692057422e-06"
"pca_Preprocessed_insert0.006_BPIC15_4_f2_clean.csv","5848611","-0.880479100494779","0","3.12248012802719e-05","2.13633005860247e-06"
"pca_Preprocessed_insert0.006_BPIC15_4_f2_clean.csv","5855592","-0.114019607650789","0","2.21600488007866e-07","1.30384290091727e-08"
"pca_Preprocessed_insert0.006_BPIC15_4_f2_clean.csv","5856184","-0.878293266018331","0","3.05013356349412e-05","2.08595179259119e-06"
"pca_Preprocessed_insert0.006_BPIC15_4_f2_clean.csv","5859289","-1.31254893640274","0","3.40689268530964e-05","2.53133704286386e-06"
"pca_Preprocessed_insert0.006_BPIC15_4_f2_clean.csv","5874676","-1.12275742183326","0","6.00957641414032e-05","4.30723056218484e-06"
"pca_Preprocessed_insert0.006_BPIC15_4_f2_clean.csv","5875939","-0.672032675962834","0","1.37618131792778e-05","9.0422468072969e-07"
"pca_Preprocessed_insert0.006_BPIC15_4_f2_clean.csv","5880255","-0.027959775465765","0","1.73459613364534e-05","1.00308921724483e-06"
"pca_Preprocessed_insert0.006_BPIC15_4_f2_clean.csv","5880520","-1.19777507531573","0","5.27267469841661e-05","3.8334029759772e-06"
"pca_Preprocessed_insert0.006_BPIC15_4_f2_clean.csv","5885731","-1.00120956493919","0","3.76254760821586e-05","2.63475848751116e-06"
"pca_Preprocessed_insert0.006_BPIC15_4_f2_clean.csv","5893438","-0.882527070725088","0","3.13655552616688e-05","2.14680861352741e-06"
"pca_Preprocessed_insert0.006_BPIC15_4_f2_clean.csv","5894090","-1.17481940584679","0","5.22079348858289e-05","3.77916259803449e-06"
"pca_Preprocessed_insert0.006_BPIC15_4_f2_clean.csv","5897978","-0.669521764289609","0","2.74321700411939e-05","1.80155741603187e-06"
"pca_Preprocessed_insert0.006_BPIC15_4_f2_clean.csv","5898375","-0.960098500366949","0","2.67051490868821e-05","1.85534608272289e-06"
"pca_Preprocessed_insert0.006_BPIC15_4_f2_clean.csv","5899962","-1.24234724726441","0","5.22795192812484e-05","3.83316049750982e-06"
"pca_Preprocessed_insert0.006_BPIC15_4_f2_clean.csv","5901158","4.06620120211117","0","0.000437967492342186","1.02252395412421e-05"
"pca_Preprocessed_insert0.006_BPIC15_4_f2_clean.csv","5902757","-1.19173332514037","0","5.42712008621336e-05","3.94116436384451e-06"
"pca_Preprocessed_insert0.006_BPIC15_4_f2_clean.csv","5921389","-0.223316398826644","0","1.40213918566926e-06","8.4322201324905e-08"
"pca_Preprocessed_insert0.006_BPIC15_4_f2_clean.csv","5924173","-1.23779944226772","0","5.6760294837467e-05","4.15810828723003e-06"
"pca_Preprocessed_insert0.006_BPIC15_4_f2_clean.csv","5925873","5.45888825501189","0","0.00130988857407057","2.16530824251453e-05"
"pca_Preprocessed_insert0.006_BPIC15_4_f2_clean.csv","5930066","-0.707209750743476","0","1.62213601242482e-05","1.0731631723553e-06"
"pca_Preprocessed_insert0.006_BPIC15_4_f2_clean.csv","5931451","-1.20493209340473","0","5.29297246416447e-05","3.85339305379371e-06"
"pca_Preprocessed_insert0.006_BPIC15_4_f2_clean.csv","5932529","-0.389841040702159","0","4.9176516271386e-06","3.05688129680642e-07"
"pca_Preprocessed_insert0.006_BPIC15_4_f2_clean.csv","5964475","-1.00788915455176","0","3.37016817680581e-05","2.36301681692002e-06"
"pca_Preprocessed_insert0.006_BPIC15_4_f2_clean.csv","5970403","-1.19173332514037","0","5.42712008621336e-05","3.94116436384451e-06"
"pca_Preprocessed_insert0.006_BPIC15_4_f2_clean.csv","5971662","-1.01772756481326","0","3.10375313037882e-05","2.18032699614534e-06"
"pca_Preprocessed_insert0.006_BPIC15_4_f2_clean.csv","5973057","-1.16498591589523","0","5.65569595123038e-05","4.08632506131888e-06"
"pca_Preprocessed_insert0.006_BPIC15_4_f2_clean.csv","5973779","-1.20873912911966","0","5.81705294116561e-05","4.23799593923695e-06"
"pca_Preprocessed_insert0.006_BPIC15_4_f2_clean.csv","5986191","-1.25299220694999","0","5.70248145212774e-05","4.18952697520375e-06"
"pca_Preprocessed_insert0.006_BPIC15_4_f2_clean.csv","5986616","-1.26087681896168","0","5.90239385559253e-05","4.34287769526343e-06"
"pca_Preprocessed_insert0.006_BPIC15_4_f2_clean.csv","5989040","-1.25299220694999","0","5.70248145212774e-05","4.18952697520375e-06"
"pca_Preprocessed_insert0.006_BPIC15_4_f2_clean.csv","5992419","-1.44189888225494","0","7.4794917777286e-05","5.69420114384524e-06"
"pca_Preprocessed_insert0.006_BPIC15_4_f2_clean.csv","5994456","-1.2074205955698","0","5.27255578537608e-05","3.84034298219223e-06"
"pca_Preprocessed_insert0.006_BPIC15_4_f2_clean.csv","5998923","-1.25299220694999","0","5.70248145212774e-05","4.18952697520375e-06"
"pca_Preprocessed_insert0.006_BPIC15_4_f2_clean.csv","6017653","-1.25299220694999","0","5.70248145212774e-05","4.18952697520375e-06"
"pca_Preprocessed_insert0.006_BPIC15_4_f2_clean.csv","6023565","-1.2448477907121","0","5.69342856597583e-05","4.17642840938259e-06"
"pca_Preprocessed_insert0.006_BPIC15_4_f2_clean.csv","6033999","-0.670619855676492","0","1.37046852336556e-05","9.00222899155723e-07"
"pca_Preprocessed_insert0.006_BPIC15_4_f2_clean.csv","6038617","-1.24516821270601","0","5.58322151125002e-05","4.09583437460402e-06"
"pca_Preprocessed_insert0.006_BPIC15_4_f2_clean.csv","6041491","-1.27089236849655","0","5.5125038728748e-05","4.06369827868957e-06"
"pca_Preprocessed_insert0.006_BPIC15_4_f2_clean.csv","6045756","1.96286526085558","0","0.000486925751166077","1.84902209459546e-05"
"pca_Preprocessed_insert0.006_BPIC15_4_f2_clean.csv","6046899","-0.684379948393505","0","1.50178725935543e-05","9.89133554691425e-07"
"pca_Preprocessed_insert0.006_BPIC15_4_f2_clean.csv","6066016","-0.726912085636909","0","1.68974499247547e-05","1.12218686393347e-06"
"pca_Preprocessed_insert0.006_BPIC15_4_f2_clean.csv","6075954","-0.968898868900225","0","2.98841174786829e-05","2.07972046891445e-06"
"pca_Preprocessed_insert0.006_BPIC15_4_f2_clean.csv","6083648","-1.25947814695894","0","5.87227938819145e-05","4.31957618641401e-06"
"pca_Preprocessed_insert0.006_BPIC15_4_f2_clean.csv","6115131","-1.27646329012478","0","5.92076815141321e-05","4.36926380114344e-06"
"pca_Preprocessed_insert0.006_BPIC15_4_f2_clean.csv","6119652","-0.54206990691424","0","1.05874177623547e-05","6.78177238414473e-07"
"pca_Preprocessed_insert0.006_BPIC15_4_f2_clean.csv","6122942","-1.26831887388689","0","5.91155310342001e-05","4.35574733146834e-06"
"pca_Preprocessed_insert0.006_BPIC15_4_f2_clean.csv","6133814","-1.29499406096761","0","6.06272536990487e-05","4.48972250604115e-06"
"pca_Preprocessed_insert0.006_BPIC15_4_f2_clean.csv","6158381","-0.754665542381404","0","1.80497891586681e-05","1.20520087006794e-06"
"pca_Preprocessed_insert0.006_BPIC15_4_f2_clean.csv","6161016","-1.23917255091603","0","5.47922789196122e-05","4.01498130188395e-06"
"pca_Preprocessed_insert0.006_BPIC15_4_f2_clean.csv","6162896","-0.726912085636909","0","1.68974499247547e-05","1.12218686393347e-06"
"pca_Preprocessed_insert0.006_BPIC15_4_f2_clean.csv","6164501","-0.71962061111926","0","1.02296497399668e-05","6.78404300723628e-07"
"pca_Preprocessed_insert0.006_BPIC15_4_f2_clean.csv","6164878","-1.2659910393928","0","5.88417268640608e-05","4.33366355612385e-06"
"pca_Preprocessed_insert0.006_BPIC15_4_f2_clean.csv","6173149","-1.28889246525292","0","6.13738673754568e-05","4.53977480209806e-06"
"pca_Preprocessed_insert0.006_BPIC15_4_f2_clean.csv","6188186","-1.67938294393213","0","0.00341702007630694","0.000271911282198856"
"pca_Preprocessed_insert0.006_BPIC15_4_f2_clean.csv","6190233","-1.24034417423789","0","5.41507455709844e-05","3.96885310448418e-06"
"pca_Preprocessed_insert0.006_BPIC15_4_f2_clean.csv","6191717","-1.00204933234382","0","2.13149722702169e-05","1.49284097206085e-06"
"pca_Preprocessed_insert0.006_BPIC15_4_f2_clean.csv","6206453","-1.11632062133485","0","2.94008486389133e-05","2.10465582153865e-06"
"pca_Preprocessed_insert0.006_BPIC15_4_f2_clean.csv","6207217","-1.27650715007479","0","5.55179827217838e-05","4.09701441223973e-06"
"pca_Preprocessed_insert0.006_BPIC15_4_f2_clean.csv","6210717","-0.723630507458561","0","3.26310161216921e-05","2.16569513398738e-06"
"pca_Preprocessed_insert0.006_BPIC15_4_f2_clean.csv","6214781","-1.27646329012478","0","5.92076815141321e-05","4.36926380114344e-06"
"pca_Preprocessed_insert0.006_BPIC15_4_f2_clean.csv","6219057","1.65684739805013","0","8.43585813926321e-05","3.42600330720527e-06"
"pca_Preprocessed_insert0.006_BPIC15_4_f2_clean.csv","6225791","-1.27646329012478","0","5.92076815141321e-05","4.36926380114344e-06"
"pca_Preprocessed_insert0.006_BPIC15_4_f2_clean.csv","6242257","-1.27904683619312","0","6.07932102065182e-05","4.48846133130856e-06"
"pca_Preprocessed_insert0.006_BPIC15_4_f2_clean.csv","6253615","-0.754665542381404","0","1.80497891586681e-05","1.20520087006794e-06"
"pca_Preprocessed_insert0.006_BPIC15_4_f2_clean.csv","6255600","-0.672032675962834","0","1.37618131792778e-05","9.0422468072969e-07"
"pca_Preprocessed_insert0.006_BPIC15_4_f2_clean.csv","6269242","-0.672032675962834","0","1.37618131792778e-05","9.0422468072969e-07"
"pca_Preprocessed_insert0.006_BPIC15_4_f2_clean.csv","6279577","-1.22791330598934","0","5.97406210067332e-05","4.3682450313813e-06"
"pca_Preprocessed_insert0.006_BPIC15_4_f2_clean.csv","6280766","-1.22389269721744","0","5.40618341719074e-05","3.94999832630231e-06"
"pca_Preprocessed_insert0.006_BPIC15_4_f2_clean.csv","6282121","-0.970684402211412","0","2.6155021666845e-05","1.82082673481913e-06"
"pca_Preprocessed_insert0.006_BPIC15_4_f2_clean.csv","6320914","-1.34027017026703","0","7.57697795926002e-05","5.6592471923141e-06"
"pca_Preprocessed_insert0.006_BPIC15_4_f2_clean.csv","6324425","-0.822479088199532","0","2.84387596668847e-05","1.92402067674482e-06"
"pca_Preprocessed_insert0.006_BPIC15_4_f2_clean.csv","6325811","-0.307993649964777","0","2.50947150972788e-05","1.5348114886426e-06"
"pca_Preprocessed_insert0.006_BPIC15_4_f2_clean.csv","6326671","-0.594165897461055","0","1.37575117012338e-05","8.90287312279487e-07"
"pca_Preprocessed_insert0.006_BPIC15_4_f2_clean.csv","6330926","0.0741162149829821","0","1.45273049106934e-07","8.22949930545497e-09"
"pca_Preprocessed_insert0.006_BPIC15_4_f2_clean.csv","6333932","7.81366767166809","0","0.00183605445893793","1.62618879038267e-05"
"pca_Preprocessed_insert0.006_BPIC15_4_f2_clean.csv","6334884","-0.980537234248773","0","2.1828840928152e-05","1.5225312142225e-06"
"pca_Preprocessed_insert0.006_BPIC15_4_f2_clean.csv","6336479","-1.3850429004051","0","6.99809094994543e-05","5.27112590989954e-06"
"pca_Preprocessed_insert0.006_BPIC15_4_f2_clean.csv","6359150","-0.59155800994901","0","1.21672389656069e-05","7.86974187539346e-07"
"pca_Preprocessed_insert0.006_BPIC15_4_f2_clean.csv","6363327","-1.36277326452671","0","7.97331590261399e-05","5.9805731995997e-06"
"pca_Preprocessed_insert0.006_BPIC15_4_f2_clean.csv","6374203","-1.39563561830561","0","6.92884646013049e-05","5.22937376657202e-06"
"pca_Preprocessed_insert0.006_BPIC15_4_f2_clean.csv","6374785","-1.3915002245703","0","7.37725682925238e-05","5.56347363916248e-06"
"pca_Preprocessed_insert0.006_BPIC15_4_f2_clean.csv","6376407","12.618305557655","0","0.00336045114916619","7.22575084037564e-06"
"pca_Preprocessed_insert0.006_BPIC15_4_f2_clean.csv","6394249","-0.561087844685443","0","1.38815700052054e-05","8.92509600033995e-07"
"pca_Preprocessed_insert0.006_BPIC15_4_f2_clean.csv","6400883","-1.42752115599462","0","7.43015636857689e-05","5.64140647106384e-06"
"pca_Preprocessed_insert0.006_BPIC15_4_f2_clean.csv","6402037","-1.39282268318854","0","7.49996290088366e-05","5.6574173821793e-06"
"pca_Preprocessed_insert0.006_BPIC15_4_f2_clean.csv","6411717","4.8546251681468","0","0.000698546790409152","1.34433438737926e-05"
"pca_Preprocessed_insert0.006_BPIC15_4_f2_clean.csv","6411748","-0.0239089626860419","0","1.77785668297947e-05","1.0272673892465e-06"
"pca_Preprocessed_insert0.006_BPIC15_4_f2_clean.csv","6421839","-1.37978409025923","0","7.982957774409e-05","6.00700590248823e-06"
"pca_Preprocessed_insert0.006_BPIC15_4_f2_clean.csv","6422690","7.41905010925065","0","0.00153160967173895","1.51123047733681e-05"
"pca_Preprocessed_insert0.006_BPIC15_4_f2_clean.csv","6444162","-1.27343532151694","0","7.28175615030245e-05","5.37053566072308e-06"
"pca_Preprocessed_insert0.006_BPIC15_4_f2_clean.csv","6446192","-0.82449553081083","0","3.33349096064736e-05","2.25614965810009e-06"
"pca_Preprocessed_insert0.006_BPIC15_4_f2_clean.csv","6473406","-0.049797305584645","0","2.78018271696645e-05","1.6148196976791e-06"
"pca_Preprocessed_insert0.006_BPIC15_4_f2_clean.csv","6473599","-1.33485250246721","0","7.00896867199765e-05","5.22965649228654e-06"
"pca_Preprocessed_insert0.006_BPIC15_4_f2_clean.csv","6476231","-0.555779871246566","0","1.18004446250864e-05","7.57914764496236e-07"
"pca_Preprocessed_insert0.006_BPIC15_4_f2_clean.csv","6478628","-1.33331563735333","0","7.20707451521574e-05","5.37591256190305e-06"
"pca_Preprocessed_insert0.006_BPIC15_4_f2_clean.csv","6480499","8.14519197475988","0","0.00171208854314079","1.38345394686013e-05"
"pca_Preprocessed_insert0.006_BPIC15_4_f2_clean.csv","6488726","-1.32628773715539","0","7.25737866500819e-05","5.40626455819625e-06"
"pca_Preprocessed_insert0.006_BPIC15_4_f2_clean.csv","6536279","-1.44892076084207","0","8.06486416499204e-05","6.14793810296429e-06"
"pca_Preprocessed_insert0.006_BPIC15_4_f2_clean.csv","6542302","-1.59401513824875","0","9.78244084223855e-05","7.66206820480115e-06"
"pca_Preprocessed_insert0.006_BPIC15_4_f2_clean.csv","6553307","11.7890759178165","0","0.00685239513253382","1.90483411309312e-05"
"pca_Preprocessed_insert0.006_BPIC15_4_f2_clean.csv","6557635","-1.62916338902992","0","9.84726588593408e-05","7.76338758931417e-06"
"pca_Preprocessed_insert0.006_BPIC15_4_f2_clean.csv","6576265","-0.934932743907735","0","4.60400945099312e-05","3.18319763075273e-06"
"pca_Preprocessed_insert0.006_BPIC15_4_f2_clean.csv","6591705","-1.60564083580478","0","9.75694925755448e-05","7.65864121502488e-06"
"pca_Preprocessed_insert0.006_BPIC15_4_f2_clean.csv","6600575","-0.894131333701286","0","2.355305776457e-05","1.61569763672463e-06"
"pca_Preprocessed_insert0.006_BPIC15_4_f2_clean.csv","6609495","-1.38453080882041","0","7.00961876241112e-05","5.27930045907826e-06"
"pca_Preprocessed_insert0.006_BPIC15_4_f2_clean.csv","6624997","-1.5477598111637","0","9.54691502984785e-05","7.41345300380015e-06"
"pca_Preprocessed_insert0.006_BPIC15_4_f2_clean.csv","6630215","-1.33212652351536","0","2.96581454509991e-05","2.21176909942292e-06"
"pca_Preprocessed_insert0.006_BPIC15_4_f2_clean.csv","6638355","-1.55197917943125","0","9.49897820419299e-05","7.38203379325875e-06"
"pca_Preprocessed_insert0.006_BPIC15_4_f2_clean.csv","6646275","-1.56299736640464","0","9.11499442312786e-05","7.09818585156091e-06"
"pca_Preprocessed_insert0.006_BPIC15_4_f2_clean.csv","6662735","-1.61669599665623","0","9.85807819603456e-05","7.75393615248204e-06"
"pca_Preprocessed_insert0.006_BPIC15_4_f2_clean.csv","6690289","-0.936228707268208","0","4.05429463213798e-05","2.80382589966834e-06"
"pca_Preprocessed_insert0.006_BPIC15_4_f2_clean.csv","6727637","-0.398377447011857","0","5.43717659386011e-06","3.38553795371865e-07"
"pca_Preprocessed_insert0.006_BPIC15_4_f2_clean.csv","6731226","-0.979275497539238","0","2.42755352037749e-05","1.69277447968107e-06"
"pca_Preprocessed_insert0.006_BPIC15_4_f2_clean.csv","6741684","-1.48843091647477","0","8.26036023044685e-05","6.34372532362519e-06"
"pca_Preprocessed_insert0.006_BPIC15_4_f2_clean.csv","6747926","-1.49976829299451","0","8.51914522724584e-05","6.55634996088916e-06"
"pca_Preprocessed_insert0.006_BPIC15_4_f2_clean.csv","6748772","5.67201127527801","0","0.000580878237959775","9.09355611328019e-06"
"pca_Preprocessed_insert0.006_BPIC15_4_f2_clean.csv","6751079","-1.68190798229771","0","0.000109295628607661","8.70132805788387e-06"
"pca_Preprocessed_insert0.006_BPIC15_4_f2_clean.csv","6759420","-1.24037461536547","0","4.31303912040628e-05","3.16116006592383e-06"
"pca_Preprocessed_insert0.006_BPIC15_4_f2_clean.csv","6761479","-0.474427286142022","0","9.76903312002506e-06","6.17484566794179e-07"
"pca_Preprocessed_insert0.006_BPIC15_4_f2_clean.csv","6762412","6.47309551649897","0","0.00187038556251522","2.37754238914525e-05"
"pca_Preprocessed_insert0.006_BPIC15_4_f2_clean.csv","6766518","-1.64890928031983","0","0.000107039123673333","8.4697293668542e-06"
"pca_Preprocessed_insert0.006_BPIC15_4_f2_clean.csv","6767528","-1.58925220466795","0","0.000103228340552158","8.07816848396369e-06"
"pca_Preprocessed_insert0.006_BPIC15_4_f2_clean.csv","6768138","-0.754943451455272","0","3.81139652925813e-05","2.54504159884113e-06"
"pca_Preprocessed_insert0.006_BPIC15_4_f2_clean.csv","6773360","0.299151598259508","0","5.5613538524275e-06","3.00935720141802e-07"
"pca_Preprocessed_insert0.006_BPIC15_4_f2_clean.csv","6775272","-0.690350147538016","0","1.42392899746324e-05","9.38945312343879e-07"
"pca_Preprocessed_insert0.006_BPIC15_4_f2_clean.csv","6778715","-1.52511018373168","0","0.000113934671236851","8.81004388380929e-06"
"pca_Preprocessed_insert0.006_BPIC15_4_f2_clean.csv","6782762","-1.54247241803242","0","0.000111817773177349","8.67441260211294e-06"
"pca_Preprocessed_insert0.006_BPIC15_4_f2_clean.csv","6792625","-1.11692787001412","0","4.61548464847407e-05","3.30437116773898e-06"
"pca_Preprocessed_insert0.006_BPIC15_4_f2_clean.csv","6795621","-0.367629286360772","0","1.28922868312221e-05","7.97886130136625e-07"
"pca_Preprocessed_insert0.006_BPIC15_4_f2_clean.csv","6826286","-0.773501958201064","0","1.60056122500699e-05","1.07262550361683e-06"
"pca_Preprocessed_insert0.006_BPIC15_4_f2_clean.csv","6828297","-1.4893187267462","0","9.50400556538127e-05","7.30002227009952e-06"
"pca_Preprocessed_insert0.006_BPIC15_4_f2_clean.csv","6857938","36.3541257951232","0","0.0306787236325446","1.16624644139721e-08"
"pca_Preprocessed_insert0.006_BPIC15_4_f2_clean.csv","6862945","-1.30251411249595","0","6.0248859267019e-05","4.46804374353786e-06"
"pca_Preprocessed_insert0.006_BPIC15_4_f2_clean.csv","6875795","-1.4106950285915","0","8.46955147826364e-05","6.41029469792282e-06"
"pca_Preprocessed_insert0.006_BPIC15_4_f2_clean.csv","6876777","-1.08192037502141","0","5.54786004435218e-05","3.94543583602058e-06"
"pca_Preprocessed_insert0.006_BPIC15_4_f2_clean.csv","6892753","-0.709575599456628","0","1.30111925103622e-05","8.61183459442595e-07"
"pca_Preprocessed_insert0.006_BPIC15_4_f2_clean.csv","6896150","-13.9999639332094","0","0.0435116099496204","0.0171303032114126"
"pca_Preprocessed_insert0.006_BPIC15_4_f2_clean.csv","6903755","-1.53017975726958","0","5.42767407214362e-05","4.20094416792548e-06"
"pca_Preprocessed_insert0.006_BPIC15_4_f2_clean.csv","6912211","-1.46404613503617","0","9.00161385153459e-05","6.88150747362812e-06"
"pca_Preprocessed_insert0.006_BPIC15_4_f2_clean.csv","6920534","-1.54845172198012","0","8.06569754623614e-05","6.26405331588239e-06"
"pca_Preprocessed_insert0.006_BPIC15_4_f2_clean.csv","6922362","-1.50859888716081","0","8.50617229582059e-05","6.55717906828546e-06"
"pca_Preprocessed_insert0.006_BPIC15_4_f2_clean.csv","6944625","-1.60321008013426","0","6.81304790298319e-05","5.34543262246881e-06"
"pca_Preprocessed_insert0.006_BPIC15_4_f2_clean.csv","6948798","2.01872517868284","0","7.13231271569633e-05","2.6751025785334e-06"
"pca_Preprocessed_insert0.006_BPIC15_4_f2_clean.csv","6958198","-1.63158587451261","0","0.000107483078028898","8.47756297771528e-06"
"pca_Preprocessed_insert0.006_BPIC15_4_f2_clean.csv","6965775","-0.92389047324538","0","5.21335720846791e-05","3.59684292868584e-06"
"pca_Preprocessed_insert0.006_BPIC15_4_f2_clean.csv","6983135","-1.29703636999282","0","9.7484880631154e-05","7.22198286126223e-06"
"pca_Preprocessed_insert0.006_BPIC15_4_f2_clean.csv","6994486","-1.56001508688693","0","0.000104158762297596","8.106724843005e-06"
"pca_Preprocessed_insert0.006_BPIC15_4_f2_clean.csv","7038129","-1.64754617850778","0","9.82195144427122e-05","7.76989174855292e-06"
"pca_Preprocessed_insert0.006_BPIC15_4_f2_clean.csv","7051812","-0.40796398000101","0","2.88801055222024e-06","1.80167440696766e-07"
"pca_Preprocessed_insert0.006_BPIC15_4_f2_clean.csv","7069335","-1.63206371561326","0","9.65834943715773e-05","7.61855082573745e-06"
"pca_Preprocessed_insert0.006_BPIC15_4_f2_clean.csv","7076075","-1.59834586597553","0","9.83799285008587e-05","7.7117883908973e-06"
"pca_Preprocessed_insert0.006_BPIC15_4_f2_clean.csv","7084443","-1.51706447091942","0","9.19844473129373e-05","7.10205605294521e-06"
"pca_Preprocessed_insert0.006_BPIC15_4_f2_clean.csv","7097516","-1.60458934867589","0","9.86477149716668e-05","7.74176195422978e-06"
"pca_Preprocessed_insert0.006_BPIC15_4_f2_clean.csv","7101960","-0.65784117851433","0","1.71406797335484e-05","1.12311933928921e-06"
"pca_Preprocessed_insert0.006_BPIC15_4_f2_clean.csv","7125946","1.9835515170639","0","0.0927076311090258","0.00350435431689312"
"pca_Preprocessed_insert0.006_BPIC15_4_f2_clean.csv","7133979","-0.930444835442208","0","2.47980662765275e-05","1.71304975002334e-06"
"pca_Preprocessed_insert0.006_BPIC15_4_f2_clean.csv","7149890","23.1267388467432","0","0.00906702694968182","5.35094565883296e-07"
"pca_Preprocessed_insert0.006_BPIC15_4_f2_clean.csv","7151518","-0.504880971851731","0","1.03259606901444e-05","6.56612346830935e-07"
"pca_Preprocessed_insert0.006_BPIC15_4_f2_clean.csv","7152806","1.52839698177569","0","5.98227808363336e-05","2.4983550388327e-06"
"pca_Preprocessed_insert0.006_BPIC15_4_f2_clean.csv","7152866","-0.883886375983504","0","2.411528910922e-05","1.65099881717726e-06"
"pca_Preprocessed_insert0.006_BPIC15_4_f2_clean.csv","7156042","-0.467896166857963","0","5.05386979393653e-06","3.19035925052705e-07"
"pca_Preprocessed_insert0.006_BPIC15_4_f2_clean.csv","7161154","-0.47114222342298","0","3.05463300402055e-05","1.92953395994716e-06"
"pca_Preprocessed_insert0.006_BPIC15_4_f2_clean.csv","7177213","-1.24530849702953","0","9.31489347895896e-05","6.83355922224931e-06"
"pca_Preprocessed_insert0.006_BPIC15_4_f2_clean.csv","7180951","-0.843959734140886","0","4.87487975630656e-05","3.31183087328902e-06"
"pca_Preprocessed_insert0.006_BPIC15_4_f2_clean.csv","7182256","1.06312761565025","0","4.21019277837715e-05","1.9428239492014e-06"
"pca_Preprocessed_insert0.006_BPIC15_4_f2_clean.csv","7182291","-0.688261477056175","0","1.59091428537958e-05","1.04862916713712e-06"
"pca_Preprocessed_insert0.006_BPIC15_4_f2_clean.csv","7188755","-0.360770196604427","0","5.03488926579386e-05","3.11179285526294e-06"
"pca_Preprocessed_insert0.006_BPIC15_4_f2_clean.csv","7208885","-1.60579191935075","0","0.000104977522562485","8.24036018919607e-06"
"pca_Preprocessed_insert0.006_BPIC15_4_f2_clean.csv","7230921","-0.971648626860258","0","4.26974961388783e-05","2.97301024560845e-06"
"pca_Preprocessed_insert0.006_BPIC15_4_f2_clean.csv","7234939","-0.78440618737682","0","2.01125645218176e-05","1.350710155786e-06"
"pca_Preprocessed_insert0.006_BPIC15_4_f2_clean.csv","7243515","-1.56293265426917","0","8.27173770069327e-05","6.44143274999369e-06"
"pca_Preprocessed_insert0.006_BPIC15_4_f2_clean.csv","7294103","-1.07104764911971","0","0.000123890671948361","8.79236504274679e-06"
"pca_Preprocessed_insert0.006_BPIC15_4_f2_clean.csv","7299743","-0.547414807959033","0","8.81148071857398e-06","5.65012202888514e-07"
"pca_Preprocessed_insert0.006_BPIC15_4_f2_clean.csv","7305273","-1.49340944989846","0","0.000142003360096087","1.09156193926157e-05"
"pca_Preprocessed_insert0.006_BPIC15_4_f2_clean.csv","7309987","-1.54672179354599","0","0.000133258104611137","1.03458707849935e-05"
"pca_Preprocessed_insert0.006_BPIC15_4_f2_clean.csv","7320468","-0.932897936343304","0","0.000135636874500071","9.37421800616666e-06"
"pca_Preprocessed_insert0.006_BPIC15_4_f2_clean.csv","7345342","-0.522010982388829","0","6.70487017435151e-06","4.27791318324019e-07"
"pca_Preprocessed_insert0.006_BPIC15_4_f2_clean.csv","7347615","-0.932897936343304","0","0.000135636874500071","9.37421800616666e-06"
"pca_Preprocessed_insert0.006_BPIC15_4_f2_clean.csv","7363751","-2.08853015394819","0","8.57628295223867e-05","7.35574629425414e-06"
"pca_Preprocessed_insert0.006_BPIC15_4_f2_clean.csv","7381977","-1.29350716523983","0","8.2777594264718e-05","6.12833338153114e-06"
"pca_Preprocessed_insert0.006_BPIC15_4_f2_clean.csv","7404995","-1.5097768319934","0","0.000149123392683749","1.14980510038427e-05"
"pca_Preprocessed_insert0.006_BPIC15_4_f2_clean.csv","7435938","-0.96022523744664","0","0.000130963350735749","9.09892917505791e-06"
"pca_Preprocessed_insert0.006_BPIC15_4_f2_clean.csv","7474500","-1.48201437796455","0","0.000142410983701782","1.09236438354218e-05"
"pca_Preprocessed_insert0.006_BPIC15_4_f2_clean.csv","7527221","-1.55904033985504","0","0.00014622388725663","1.13786059753068e-05"
"pca_Preprocessed_insert0.006_BPIC15_4_f2_clean.csv","7542820","-1.06648663017704","0","6.53702288897885e-05","4.6351993193668e-06"
"pca_Preprocessed_insert0.006_BPIC15_4_f2_clean.csv","7555238","-1.71982790837938","0","9.78313256772319e-05","7.84344375285253e-06"
"pca_Preprocessed_insert0.006_BPIC15_4_f2_clean.csv","7571964","-1.64930979485929","0","0.00010562478589947","8.3584373552242e-06"
"pca_Preprocessed_insert0.006_BPIC15_4_f2_clean.csv","7604490","-1.69134659885748","0","0.000140963896813216","1.12421511873698e-05"
"pca_Preprocessed_insert0.006_BPIC15_4_f2_clean.csv","7627978","-0.893934606570369","0","4.31646762773349e-05","2.96090722467424e-06"
"pca_Preprocessed_insert0.006_BPIC15_4_f2_clean.csv","7629070","-1.12459227443649","0","6.51119589338695e-05","4.668387886684e-06"
"pca_Preprocessed_insert0.006_BPIC15_4_f2_clean.csv","7647635","-1.53171303875172","0","0.000150114357156854","1.16219675465717e-05"
"pca_Preprocessed_insert0.006_BPIC15_4_f2_clean.csv","7648202","-0.577741149429247","0","5.97754243233385e-05","3.85580696488859e-06"
"pca_Preprocessed_insert0.006_BPIC15_4_f2_clean.csv","7661448","-1.07840109494198","0","0.000140512189267273","9.98599766408325e-06"
"pca_Preprocessed_insert0.006_BPIC15_4_f2_clean.csv","7677081","18.6094630695986","0","0.0874061199896748","2.58645465433949e-05"
"pca_Preprocessed_insert0.006_BPIC15_4_f2_clean.csv","7678209","-2.01575651670741","0","0.000168888694664435","1.42952271307638e-05"
"pca_Preprocessed_insert0.006_BPIC15_4_f2_clean.csv","7679048","-1.3633598278205","0","0.000117118013091299","8.78568238203531e-06"
"pca_Preprocessed_insert0.006_BPIC15_4_f2_clean.csv","7701761","31.2129187567003","0","0.0166562198478313","4.68015464766624e-08"
"pca_Preprocessed_insert0.006_BPIC15_4_f2_clean.csv","7702799","-0.13880233697795","0","0.000139925514555419","8.27387978844903e-06"
"pca_Preprocessed_insert0.006_BPIC15_4_f2_clean.csv","7703963","-0.13880233697795","0","0.000139925514555419","8.27387978844903e-06"
"pca_Preprocessed_insert0.006_BPIC15_4_f2_clean.csv","7707851","-1.2987777971455","0","0.00014553955056076","1.07855699726701e-05"
"pca_Preprocessed_insert0.006_BPIC15_4_f2_clean.csv","7730232","-1.47865430774579","0","0.000148964933696526","1.14191826656137e-05"
"pca_Preprocessed_insert0.006_BPIC15_4_f2_clean.csv","7749905","-0.750403860174604","0","3.01509830905265e-05","2.01154230558813e-06"
"pca_Preprocessed_insert0.006_BPIC15_4_f2_clean.csv","7765820","-0.646564606637513","0","2.25386359253474e-05","1.4735643487684e-06"
"pca_Preprocessed_insert0.006_BPIC15_4_f2_clean.csv","7766593","-1.03449269352145","0","5.97354878205639e-05","4.20980439344413e-06"
"pca_Preprocessed_insert0.006_BPIC15_4_f2_clean.csv","7778099","-0.741614759059594","0","6.22243670533416e-05","4.14425331057617e-06"
"pca_Preprocessed_insert0.006_BPIC15_4_f2_clean.csv","7779137","-1.10227082729405","0","0.000127909716448279","9.13188973396747e-06"
"pca_Preprocessed_insert0.006_BPIC15_4_f2_clean.csv","7780599","-1.5448275300817","0","0.000144404384312338","1.12072840540563e-05"
"pca_Preprocessed_insert0.006_BPIC15_4_f2_clean.csv","7789528","-1.12412315368762","0","0.000136631622343283","9.7953184183382e-06"
"pca_Preprocessed_insert0.006_BPIC15_4_f2_clean.csv","7800084","0.22310192605908","0","0.000116666268216366","6.41189333857017e-06"
"pca_Preprocessed_insert0.006_BPIC15_4_f2_clean.csv","7815998","-0.932897936343304","0","0.000135636874500071","9.37421800616666e-06"
"pca_Preprocessed_insert0.006_BPIC15_4_f2_clean.csv","7820937","-1.654294141914","0","0.000140471514520088","1.11262534394919e-05"
"pca_Preprocessed_insert0.006_BPIC15_4_f2_clean.csv","7821968","-1.42705558611059","0","0.000143205645297452","1.08720548580242e-05"
"pca_Preprocessed_insert0.006_BPIC15_4_f2_clean.csv","7822499","-0.932897936343304","0","0.000135636874500071","9.37421800616666e-06"
"pca_Preprocessed_insert0.006_BPIC15_4_f2_clean.csv","7823526","-1.45132700664245","0","0.000153094249177628","1.16758141161925e-05"
"pca_Preprocessed_insert0.006_BPIC15_4_f2_clean.csv","7849719","-0.504890623610986","0","1.89031540739307e-05","1.20202548708015e-06"
"pca_Preprocessed_insert0.006_BPIC15_4_f2_clean.csv","7855621","-1.57583259216842","0","0.000155770633935176","1.21594739708836e-05"
"pca_Preprocessed_insert0.006_BPIC15_4_f2_clean.csv","7870195","-1.05399653248396","0","0.000139736879629739","9.88466514252675e-06"
"pca_Preprocessed_insert0.006_BPIC15_4_f2_clean.csv","7918489","-1.55078684549594","0","0.000136461334645384","1.06025959845982e-05"
"pca_Preprocessed_insert0.006_BPIC15_4_f2_clean.csv","7925484","-1.51971832702453","0","0.000133023565741654","1.02757498958764e-05"
"pca_Preprocessed_insert0.006_BPIC15_4_f2_clean.csv","7928710","-1.16741780238082","0","6.83506906241205e-05","4.94072482797207e-06"
"pca_Preprocessed_insert0.006_BPIC15_4_f2_clean.csv","7946878","21.4989425607386","0","0.00816465230202787","8.69478268547727e-07"
"pca_Preprocessed_insert0.006_BPIC15_4_f2_clean.csv","7957551","-1.06327052981451","0","0.000135291449519954","9.5871975694326e-06"
"pca_Preprocessed_insert0.006_BPIC15_4_f2_clean.csv","7963584","-0.747059943933882","0","3.03479642773437e-05","2.02336874339344e-06"
"pca_Preprocessed_insert0.006_BPIC15_4_f2_clean.csv","7978555","-0.73397869434037","0","2.87039128883904e-05","1.90889517268754e-06"
"pca_Preprocessed_insert0.006_BPIC15_4_f2_clean.csv","7981624","-0.84396483439276","0","8.64442164143829e-05","5.87273781990653e-06"
"pca_Preprocessed_insert0.006_BPIC15_4_f2_clean.csv","7997958","-1.48201437796455","0","0.000142410983701782","1.09236438354218e-05"
"pca_Preprocessed_insert0.006_BPIC15_4_f2_clean.csv","8000228","0.16675360698545","0","0.000122441698992756","6.80697307228899e-06"
"pca_Preprocessed_insert0.006_BPIC15_4_f2_clean.csv","8027185","-1.67230358330134","0","8.13397667746874e-05","6.46417614694825e-06"
"pca_Preprocessed_insert0.006_BPIC15_4_f2_clean.csv","8028367","-1.50953589117722","0","9.20258799490265e-05","7.09526928607101e-06"
"pca_Preprocessed_insert0.006_BPIC15_4_f2_clean.csv","8073087","-1.61805013453741","0","0.000115786407832069","9.10954743721944e-06"
"pca_Preprocessed_insert0.006_BPIC15_4_f2_clean.csv","8074155","-0.776998364282213","0","3.010518029692e-05","2.01888580129608e-06"
"pca_Preprocessed_insert0.006_BPIC15_4_f2_clean.csv","8076847","-4.921795160206","0","0.702618885409491","0.0968605409464173"
"pca_Preprocessed_insert0.006_BPIC15_4_f2_clean.csv","8079303","-1.70299318562013","0","8.43374791191907e-05","6.74058967580953e-06"
"pca_Preprocessed_insert0.006_BPIC15_4_f2_clean.csv","8081921","-0.745611985757363","0","3.05057289180568e-05","2.03331497493864e-06"
"pca_Preprocessed_insert0.006_BPIC15_4_f2_clean.csv","8085641","-1.64647483509935","0","0.000119492143801904","9.45083610243435e-06"
"pca_Preprocessed_insert0.006_BPIC15_4_f2_clean.csv","8094923","-1.62970463104523","0","0.000117500003022456","9.26439630879613e-06"
"pca_Preprocessed_insert0.006_BPIC15_4_f2_clean.csv","8095451","-1.61805013453741","0","0.000115786407832069","9.10954743721944e-06"
"pca_Preprocessed_insert0.006_BPIC15_4_f2_clean.csv","8103021","-1.61805013453741","0","0.000115786407832069","9.10954743721944e-06"
"pca_Preprocessed_insert0.006_BPIC15_4_f2_clean.csv","8115961","-1.09516151342875","0","0.00011009083025577","7.84908271091822e-06"
"pca_Preprocessed_insert0.006_BPIC15_4_f2_clean.csv","8134036","-0.332505117484523","0","4.27106414380237e-05","2.62495952150326e-06"
"pca_Preprocessed_insert0.006_BPIC15_4_f2_clean.csv","8188200","-1.49836973027794","0","6.64103088808578e-05","5.10961356476681e-06"
"pca_Preprocessed_insert0.006_BPIC15_4_f2_clean.csv","8209663","-1.61805013453741","0","0.000115786407832069","9.10954743721944e-06"
"pca_Preprocessed_insert0.006_BPIC15_4_f2_clean.csv","8217081","-1.14743710587973","0","5.94926191837507e-05","4.28409862383254e-06"
"pca_Preprocessed_insert0.006_BPIC15_4_f2_clean.csv","8232322","-1.61805013453741","0","0.000115786407832069","9.10954743721944e-06"
"pca_Preprocessed_insert0.006_BPIC15_4_f2_clean.csv","8274714","-1.40956751309","0","0.000133656142985426","1.01138040902427e-05"
"pca_Preprocessed_insert0.006_BPIC15_4_f2_clean.csv","8302456","-1.61805013453741","0","0.000115786407832069","9.10954743721944e-06"
"pca_Preprocessed_insert0.006_BPIC15_4_f2_clean.csv","8421060","-1.61805013453741","0","0.000115786407832069","9.10954743721944e-06"
"pca_Preprocessed_insert0.006_BPIC15_4_f2_clean.csv","8428592","-1.05211782026583","0","8.84640476584928e-05","6.25549403550761e-06"
"pca_Preprocessed_insert0.006_BPIC15_4_f2_clean.csv","8451751","-1.56025631642217","0","0.000116893428303672","9.09827879310342e-06"
"pca_Preprocessed_insert0.006_BPIC15_4_f2_clean.csv","8453321","-1.6946330092051","0","0.000123067994734054","9.8208879403159e-06"
"pca_Preprocessed_insert0.006_BPIC15_4_f2_clean.csv","8469320","-1.66324945751083","0","0.000117803885281143","9.34633367381416e-06"
"pca_Preprocessed_insert0.006_BPIC15_4_f2_clean.csv","8469926","-1.63471543368642","0","0.000127520788506434","1.00638514777438e-05"
"pca_Preprocessed_insert0.006_BPIC15_4_f2_clean.csv","8478121","-1.10192176998874","0","0.000101079154666782","7.21588813596369e-06"
"pca_Preprocessed_insert0.006_BPIC15_4_f2_clean.csv","8493569","-0.910753677568617","0","4.30251540171281e-05","2.96092347665283e-06"
"pca_Preprocessed_insert0.006_BPIC15_4_f2_clean.csv","8501389","-1.6946330092051","0","0.000123067994734054","9.8208879403159e-06"
"pca_Preprocessed_insert0.006_BPIC15_4_f2_clean.csv","8560651","-1.64880548806626","0","8.83073697311055e-05","6.98739954708419e-06"
"pca_Preprocessed_insert0.006_BPIC15_4_f2_clean.csv","8563490","-1.48020967889705","0","6.81917120050687e-05","5.22888363825775e-06"
"pca_Preprocessed_insert0.006_BPIC15_4_f2_clean.csv","8576823","-0.714323717565365","0","2.84320085209104e-05","1.88359530557289e-06"
"pca_Preprocessed_insert0.006_BPIC15_4_f2_clean.csv","8577457","-1.61990992349918","0","8.17085179430092e-05","6.43067556770623e-06"
"pca_Preprocessed_insert0.006_BPIC15_4_f2_clean.csv","8617446","-1.68388792591844","0","8.08880229969406e-05","6.4420808534491e-06"
"pca_Preprocessed_insert0.006_BPIC15_4_f2_clean.csv","8622808","-0.751209224285185","0","5.60249542789132e-05","3.73832597832585e-06"
"pca_Preprocessed_insert0.006_BPIC15_4_f2_clean.csv","8624208","53.6120499135532","0","0.0538134804522459","2.12707357290518e-11"
"pca_Preprocessed_insert0.006_BPIC15_4_f2_clean.csv","8647372","-1.61805013453741","0","0.000115786407832069","9.10954743721944e-06"
"pca_Preprocessed_insert0.006_BPIC15_4_f2_clean.csv","8656689","-1.58800134302881","0","0.000106340446747452","8.31977079308872e-06"
"pca_Preprocessed_insert0.006_BPIC15_4_f2_clean.csv","8661023","-1.6946330092051","0","0.000123067994734054","9.8208879403159e-06"
"pca_Preprocessed_insert0.006_BPIC15_4_f2_clean.csv","8667161","-1.6946330092051","0","0.000123067994734054","9.8208879403159e-06"
"pca_Preprocessed_insert0.006_BPIC15_4_f2_clean.csv","8710881","-1.66791074776796","0","9.20388170656008e-05","7.30849302445184e-06"
"pca_Preprocessed_insert0.006_BPIC15_4_f2_clean.csv","8743906","-1.13235354489823","0","0.000102480753314494","7.35852729018534e-06"
"pca_Preprocessed_insert0.006_BPIC15_4_f2_clean.csv","8788765","-0.715238016103793","0","2.89238581151274e-05","1.91652098752187e-06"
"pca_Preprocessed_insert0.006_BPIC15_4_f2_clean.csv","8789326","-0.115677107224769","0","5.42493692935463e-05","3.19296120768181e-06"
"pca_Preprocessed_insert0.006_BPIC15_4_f2_clean.csv","8829643","-1.64880548806626","0","8.83073697311055e-05","6.98739954708419e-06"
"pca_Preprocessed_insert0.006_BPIC15_4_f2_clean.csv","8892361","-1.66535047699303","0","0.00011476077267373","9.10844484592152e-06"
"pca_Preprocessed_insert0.006_BPIC15_4_f2_clean.csv","8907125","-0.480312174042468","0","1.77944335334067e-05","1.12606176171637e-06"
"pca_Preprocessed_insert0.006_BPIC15_4_f2_clean.csv","8926039","-1.05917255142853","0","4.89899192151592e-05","3.46886716833564e-06"
"pca_Preprocessed_insert0.006_BPIC15_4_f2_clean.csv","8992821","0.19364087462982","0","0.000146417946357658","8.09548108891887e-06"
"pca_Preprocessed_insert0.006_BPIC15_4_f2_clean.csv","9025427","-1.47075956387873","0","0.000104689452164024","8.01331296475772e-06"
"pca_Preprocessed_insert0.006_BPIC15_4_f2_clean.csv","9027455","-1.56927935214178","0","0.000120755892745553","9.41472262491234e-06"
"pca_Preprocessed_insert0.006_BPIC15_4_f2_clean.csv","9086727","-0.6468855429645","0","1.81437805202302e-05","1.18630534699871e-06"
"pca_Preprocessed_insert0.006_BPIC15_4_f2_clean.csv","9095800","227.170219881699","0","0.861155181885123","1.35208942097779e-40"
"pca_Preprocessed_insert0.006_BPIC15_4_f2_clean.csv","9099238","-1.14459354392467","0","9.20964171417291e-05","6.62832735556871e-06"
"pca_Preprocessed_insert0.006_BPIC15_4_f2_clean.csv","9100570","-1.13730124140634","0","4.49499071878908e-05","3.23062683632332e-06"
"pca_Preprocessed_insert0.006_BPIC15_4_f2_clean.csv","9111673","-0.69534579536599","0","2.08797937951331e-05","1.37816428069863e-06"
"pca_Preprocessed_insert0.006_BPIC15_4_f2_clean.csv","9125991","-0.875344761424749","0","3.99103517960715e-05","2.7278704076017e-06"
"pca_Preprocessed_insert0.006_BPIC15_4_f2_clean.csv","9150070","-1.63504829542016","0","9.29906656635183e-05","7.33921175232026e-06"
"pca_Preprocessed_insert0.006_BPIC15_4_f2_clean.csv","9196368","-0.846974171353252","0","4.36636926473893e-05","2.96809548656147e-06"
"pca_Preprocessed_insert0.006_BPIC15_4_f2_clean.csv","9209646","-1.64880548806626","0","8.83073697311055e-05","6.98739954708419e-06"
"pca_Preprocessed_insert0.006_BPIC15_4_f2_clean.csv","9212324","-1.60000628004085","0","9.5890915347997e-05","7.51900140567387e-06"
"pca_Preprocessed_insert0.006_BPIC15_4_f2_clean.csv","9226600","-1.59349165578815","0","7.45242716171454e-05","5.83652342897218e-06"
"pca_Preprocessed_insert0.006_BPIC15_4_f2_clean.csv","9235705","-1.57977392314246","0","9.21247125772698e-05","7.1965445651029e-06"
"pca_Preprocessed_insert0.006_BPIC15_4_f2_clean.csv","9268964","-0.614881038937676","0","2.14300946254739e-05","1.39243684160864e-06"
"pca_Preprocessed_insert0.006_BPIC15_4_f2_clean.csv","9296126","-0.646696563743741","0","1.79148777028689e-05","1.1712956216258e-06"
"pca_Preprocessed_insert0.006_BPIC15_4_f2_clean.csv","9420974","-1.2788259982303","0","5.18500932711096e-05","3.8280166276211e-06"
"pca_Preprocessed_insert0.006_BPIC15_4_f2_clean.csv","9453823","-1.51210893501516","0","0.000135567552445559","1.0457393148596e-05"
"pca_Preprocessed_insert0.006_BPIC15_4_f2_clean.csv","9480450","-1.37229951957589","0","3.25853343891142e-05","2.44852648578108e-06"
"pca_Preprocessed_insert0.006_BPIC15_4_f2_clean.csv","9527673","-0.93564710442674","0","5.08563329538723e-05","3.51667438714208e-06"
"pca_Preprocessed_insert0.006_BPIC15_4_f2_clean.csv","9563545","-0.173323007793561","0","5.13597742895782e-06","3.05799377012988e-07"
"pca_Preprocessed_insert0.006_BPIC15_4_f2_clean.csv","9588791","-0.536029710868963","0","3.71125098498963e-05","2.37442401260203e-06"
"pca_Preprocessed_insert0.006_BPIC15_4_f2_clean.csv","9634790","-0.659346117003926","0","1.88534447167066e-05","1.23570889395838e-06"
"pca_Preprocessed_insert0.006_BPIC15_4_f2_clean.csv","9650523","-0.718353872111213","0","2.20878659423531e-05","1.46444988500947e-06"
"pca_Preprocessed_insert0.006_BPIC15_4_f2_clean.csv","9664144","-1.28649715006622","0","5.13584912484731e-05","3.79722594184117e-06"
"pca_Preprocessed_insert0.006_BPIC15_4_f2_clean.csv","9665535","-1.19675526007516","0","3.76757603087228e-05","2.73861769334994e-06"
"pca_Preprocessed_insert0.006_BPIC15_4_f2_clean.csv","9694784","-1.62576830945138","0","5.9563459244957e-05","4.69290463560817e-06"
"pca_Preprocessed_insert0.006_BPIC15_4_f2_clean.csv","9704606","-0.823804493166153","0","9.99001839147542e-05","6.76046877497056e-06"
"pca_Preprocessed_insert0.006_BPIC15_4_f2_clean.csv","9719624","-0.839233780313694","0","3.55037658147625e-05","2.40980377074731e-06"
"pca_Preprocessed_insert0.006_BPIC15_4_f2_clean.csv","9723377","-1.16366160950034","0","0.000121339489908489","8.76475152017923e-06"
"pca_Preprocessed_insert0.006_BPIC15_4_f2_clean.csv","9730099","-0.550684624792444","0","9.3087292663237e-06","5.97280170947153e-07"
"pca_Preprocessed_insert0.006_BPIC15_4_f2_clean.csv","9752109","-1.36340484028562","0","8.11454467499626e-05","6.08722898433573e-06"
"pca_Preprocessed_insert0.006_BPIC15_4_f2_clean.csv","9765554","-1.3797217860093","0","4.56552062011699e-05","3.43541687804196e-06"
"pca_Preprocessed_insert0.006_BPIC15_4_f2_clean.csv","9782854","-0.251775518505725","0","2.16856882184045e-05","1.31156036150582e-06"
"pca_Preprocessed_insert0.006_BPIC15_4_f2_clean.csv","9813532","-0.954504649865248","0","0.000121617250510612","8.44030205966311e-06"
"pca_Preprocessed_insert0.006_BPIC15_4_f2_clean.csv","9841953","-1.07768850494555","0","2.17855508565626e-05","1.54805671846215e-06"
"pca_Preprocessed_insert0.006_BPIC15_4_f2_clean.csv","9921952","-1.60920735652385","0","0.000285268506462762","2.24067786722754e-05"
"pca_Preprocessed_insert0.006_BPIC15_4_f2_clean.csv","9955780","-0.0781745902708669","0","3.29833783710141e-05","1.92674454667329e-06"
"pca_Preprocessed_insert0.006_BPIC15_4_f2_clean.csv","10003250","0.134227918816923","0","1.2642767192391e-05","7.0751776234012e-07"
"pca_Preprocessed_insert0.006_BPIC15_4_f2_clean.csv","10044776","0.134227918816923","0","1.2642767192391e-05","7.0751776234012e-07"
"pca_Preprocessed_insert0.006_BPIC15_4_f2_clean.csv","10160707","-0.391951224787731","0","2.56774032378671e-06","1.5968100191302e-07"
"pca_Preprocessed_insert0.006_BPIC15_4_f2_clean.csv","10169159","-1.12890015873244","0","2.15064912862252e-05","1.54323598920135e-06"
"pca_Preprocessed_insert0.006_BPIC15_4_f2_clean.csv","10169883","-1.11096713158967","0","2.06302036284514e-05","1.47530314886856e-06"
"pca_Preprocessed_insert0.006_BPIC15_4_f2_clean.csv","10279650","0.36703109534416","0","5.35168103981649e-06","2.85587792898779e-07"
"pca_Preprocessed_insert0.006_BPIC15_4_f2_clean.csv","10335538","0.1402617019855","0","1.68031093649217e-05","9.39188352776502e-07"
"pca_Preprocessed_insert0.006_BPIC15_4_f2_clean.csv","10359003","0.138705336932368","0","1.6451204637574e-05","9.19809796132086e-07"
"pca_Preprocessed_insert0.006_BPIC15_4_f2_clean.csv","10400636","-0.0339620749876951","0","1.18042743589622e-07","6.83448096282461e-09"
"pca_Preprocessed_insert0.006_BPIC15_4_f2_clean.csv","10407037","0.528159531869077","0","7.47917484876308e-06","3.86080254621097e-07"
"pca_Preprocessed_insert0.006_BPIC15_4_f2_clean.csv","10417900","-0.584787987985014","0","1.54323572447895e-05","9.96838222772892e-07"
"pca_Preprocessed_insert0.006_BPIC15_4_f2_clean.csv","10490028","0.127639429618731","0","1.2941571100876e-05","7.25208886124105e-07"
"pca_Preprocessed_insert0.006_BPIC15_4_f2_clean.csv","10494964","-1.01905905218563","0","4.81860095226649e-05","3.38583867803578e-06"
"pca_Preprocessed_insert0.006_BPIC15_4_f2_clean.csv","10504673","-1.12890015873244","0","2.15064912862252e-05","1.54323598920135e-06"
"pca_Preprocessed_insert0.006_BPIC15_4_f2_clean.csv","10516319","-0.414398178800918","0","5.87024849176755e-06","3.66679274397883e-07"
"pca_Preprocessed_insert0.006_BPIC15_4_f2_clean.csv","10636796","0.138705336932368","0","1.6451204637574e-05","9.19809796132086e-07"
"pca_Preprocessed_insert0.006_BPIC15_4_f2_clean.csv","10640668","0.138705336932368","0","1.6451204637574e-05","9.19809796132086e-07"
"pca_Preprocessed_insert0.006_BPIC15_4_f2_clean.csv","10674899","0.115760100659154","0","8.63902138248931e-06","4.85274637908638e-07"
"pca_Preprocessed_insert0.006_BPIC15_4_f2_clean.csv","10697374","-0.581396344198493","0","1.66000996733539e-05","1.07155496606846e-06"
"pca_Preprocessed_insert0.006_BPIC15_4_f2_clean.csv","10757927","0.110567941485214","0","1.55114842772113e-05","8.72235582698925e-07"
"pca_Preprocessed_insert0.006_BPIC15_4_f2_clean.csv","10764995","-0.397174309759304","0","6.86418334567957e-06","4.27306767340056e-07"
"pca_Preprocessed_insert0.006_BPIC15_4_f2_clean.csv","10767144","-0.216194570526199","0","2.6998943399064e-06","1.6213633718946e-07"
"pca_Preprocessed_insert0.006_BPIC15_4_f2_clean.csv","10780505","0.147488478902351","0","1.03097762315289e-06","5.75406411282122e-08"
"pca_Preprocessed_insert0.006_BPIC15_4_f2_clean.csv","10863840","0.066964610358391","0","1.92719098116745e-05","1.09330622441609e-06"
"pca_Preprocessed_insert0.006_BPIC15_4_f2_clean.csv","10911412","0.077328591216466","0","3.9691458306898e-06","2.24699932443095e-07"
"pca_Preprocessed_insert0.006_BPIC15_4_f2_clean.csv","11466467","-0.522205954415791","0","1.31182147425002e-05","8.37014485828659e-07"
"pca_Preprocessed_insert0.006_BPIC15_4_f2_clean.csv","11467198","-0.488496739609091","0","1.02319563366491e-05","6.48539984735109e-07"
